{"cameraMode":{"drawMode":0,"name":"Shaded","section":"Shading Mode"},"sceneLighting":true,"audioPlay":false,"sceneViewState":{"showFog":false,"showMaterialUpdate":false,"showSkybox":false,"showFlares":false,"showImageEffects":false,"showParticleSystems":false},"in2DMode":false,"pivot":{"x":10.635003089904786,"y":-1.1973955631256104,"z":-15.541979789733887},"rotation":{"x":0.052757032215595248,"y":0.8777473568916321,"z":-0.46571391820907595,"w":0.09943299740552902},"size":29.996925354003908,"orthographic":false}